fwd;t ;K;put;impVol
1685.489836;0.008213552;1570;0.05428407;0.29551991
1685.489836;0.008213552;1575;0.068930633;0.290972789
1685.489836;0.008213552;1580;0.087461063;0.286369098
1685.489836;0.008213552;1585;0.110883687;0.281705468
1685.489836;0.008213552;1590;0.140461917;0.276978308
1685.489836;0.008213552;1595;0.177776683;0.272183788
1685.489836;0.008213552;1600;0.224803474;0.267317808
1685.489836;0.008213552;1605;0.284007182;0.262375982
1685.489836;0.008213552;1610;0.358458524;0.25735361
1685.489836;0.008213552;1615;0.451976532;0.252245661
1685.489836;0.008213552;1620;0.569302331;0.247046755
1685.489836;0.008213552;1625;0.716310199;0.24175116
1685.489836;0.008213552;1630;0.900262653;0.236352801
1685.489836;0.008213552;1635;1.130116889;0.230845306
1685.489836;0.008213552;1640;1.41689008;0.225222087
1685.489836;0.008213552;1645;1.77409047;0.219476514
1685.489836;0.008213552;1650;2.218219012;0.213602211
1685.489836;0.008213552;1655;2.769341262;0.20759357
1685.489836;0.008213552;1660;3.45171863;0.201446607
1685.489836;0.008213552;1665;4.294467182;0.195160404
1685.489836;0.008213552;1670;5.332171468;0.18873947
1685.489836;0.008213552;1675;6.605302913;0.18219761
1685.489836;0.008213552;1680;8.160145426;0.175564092
1685.489836;0.008213552;1685;10.04766763;0.168893074
1685.489836;0.008213552;1690;12.32036575;0.1622767
1685.489836;0.008213552;1695;15.02565725;0.155859878
1685.489836;0.008213552;1700;18.19462602;0.149848649
1685.489836;0.008213552;1705;21.82745274;0.144496153
1685.489836;0.008213552;1710;25.88260947;0.140052384
1685.489836;0.008213552;1715;30.28061053;0.13669103
1685.489836;0.008213552;1720;34.92493146;0.134459228
1685.489836;0.008213552;1725;39.72730066;0.133284868
1685.489836;0.008213552;1730;44.62219009;0.133027
1685.489836;0.008213552;1735;49.56777573;0.133530026
1684.77435;0.024640657;1420;0.01896381;0.346171372
1684.77435;0.024640657;1430;0.024985344;0.340575083
1684.77435;0.024640657;1440;0.032873722;0.334933085
1684.77435;0.024640657;1450;0.043192478;0.329241199
1684.77435;0.024640657;1460;0.056670436;0.323495036
1684.77435;0.024640657;1470;0.074248728;0.317689966
1684.77435;0.024640657;1475;0.0849421;0.314763819
1684.77435;0.024640657;1480;0.09714078;0.311821078
1684.77435;0.024640657;1490;0.126908706;0.305883132
1684.77435;0.024640657;1500;0.165560471;0.299870516
1684.77435;0.024640657;1505;0.188996917;0.296834339
1684.77435;0.024640657;1510;0.215673281;0.293777193
1684.77435;0.024640657;1515;0.246026304;0.290698249
1684.77435;0.024640657;1520;0.280550061;0.287596641
1684.77435;0.024640657;1525;0.319803288;0.284471468
1684.77435;0.024640657;1530;0.364417618;0.281321791
1684.77435;0.024640657;1535;0.415106835;0.278146628
1684.77435;0.024640657;1540;0.472677275;0.274944956
1684.77435;0.024640657;1545;0.538039506;0.271715706
1684.77435;0.024640657;1550;0.612221445;0.268457761
1684.77435;0.024640657;1555;0.696383083;0.265169952
1684.77435;0.024640657;1560;0.791833011;0.261851061
1684.77435;0.024640657;1565;0.900046959;0.25849981
1684.77435;0.024640657;1570;1.022688589;0.25511487
1684.77435;0.024640657;1575;1.161632815;0.251694851
1684.77435;0.024640657;1580;1.318991933;0.248238305
1684.77435;0.024640657;1585;1.497144913;0.244743724
1684.77435;0.024640657;1590;1.698770199;0.241209547
1684.77435;0.024640657;1595;1.926882438;0.237634157
1684.77435;0.024640657;1600;2.184873582;0.23401589
1684.77435;0.024640657;1605;2.476558843;0.230353045
1684.77435;0.024640657;1610;2.806228036;0.226643899
1684.77435;0.024640657;1615;3.178702872;0.222886725
1684.77435;0.024640657;1620;3.599400757;0.219079828
1684.77435;0.024640657;1625;4.074405685;0.215221583
1684.77435;0.024640657;1630;4.6105467;0.211310498
1684.77435;0.024640657;1635;5.215484284;0.2073453
1684.77435;0.024640657;1640;5.897804694;0.203325046
1684.77435;0.024640657;1645;6.667121712;0.199249291
1684.77435;0.024640657;1650;7.534184272;0.195118305
1684.77435;0.024640657;1655;8.510986656;0.190933378
1684.77435;0.024640657;1660;9.610875079;0.18669724
1684.77435;0.024640657;1665;10.84863957;0.182414623
1684.77435;0.024640657;1670;12.24057219;0.178093021
1684.77435;0.024640657;1675;13.80446002;0.173743685
1684.77435;0.024640657;1680;15.55946242;0.169382899
1684.77435;0.024640657;1685;17.52579543;0.165033523
1684.77435;0.024640657;1690;19.72411351;0.160726711
1684.77435;0.024640657;1695;22.1744517;0.156503514
1684.77435;0.024640657;1700;24.89459746;0.152415824
1684.77435;0.024640657;1705;27.89785305;0.148525787
1684.77435;0.024640657;1710;31.19038507;0.144902718
1684.77435;0.024640657;1715;34.76872809;0.141616999
1684.77435;0.024640657;1720;38.61834099;0.138731575
1684.77435;0.024640657;1725;42.71407533;0.136293151
1684.77435;0.024640657;1730;47.02279813;0.134325955
1684.77435;0.024640657;1735;51.50748276;0.132830088
1684.77435;0.024640657;1740;56.13147613;0.131784614
1684.77435;0.024640657;1745;60.86177495;0.131153683
1684.77435;0.024640657;1750;65.67079342;0.130893421
1684.77435;0.024640657;1755;70.53676214;0.130957844
1684.77435;0.024640657;1760;75.44323026;0.131302999
1684.77435;0.024640657;1765;80.37815497;0.131889376
1684.77435;0.024640657;1770;85.33291782;0.132682964
1684.224507;0.043805613;1375;0.064127542;0.337497913
1684.224507;0.043805613;1400;0.106811922;0.325691113
1684.224507;0.043805613;1420;0.159837094;0.316098514
1684.224507;0.043805613;1425;0.176660902;0.313677352
1684.224507;0.043805613;1430;0.19520181;0.311246324
1684.224507;0.043805613;1440;0.238130344;0.306353277
1684.224507;0.043805613;1450;0.290185397;0.301416491
1684.224507;0.043805613;1460;0.353241697;0.29643291
1684.224507;0.043805613;1470;0.429546367;0.291399292
1684.224507;0.043805613;1475;0.473488288;0.28886265
1684.224507;0.043805613;1480;0.521790694;0.286312188
1684.224507;0.043805613;1490;0.633195421;0.28116792
1684.224507;0.043805613;1500;0.767612115;0.275962564
1684.224507;0.043805613;1505;0.844855252;0.273335676
1684.224507;0.043805613;1510;0.92964363;0.27069192
1684.224507;0.043805613;1515;1.022693471;0.268030725
1684.224507;0.043805613;1520;1.124787299;0.265351499
1684.224507;0.043805613;1525;1.236779961;0.262653632
1684.224507;0.043805613;1530;1.359605219;0.259936492
1684.224507;0.043805613;1535;1.494282925;0.257199425
1684.224507;0.043805613;1540;1.641926864;0.254441756
1684.224507;0.043805613;1545;1.803753308;0.251662787
1684.224507;0.043805613;1550;1.981090368;0.248861799
1684.224507;0.043805613;1555;2.175388201;0.24603805
1684.224507;0.043805613;1560;2.388230173;0.243190777
1684.224507;0.043805613;1565;2.621345059;0.240319197
1684.224507;0.043805613;1570;2.876620389;0.237422508
1684.224507;0.043805613;1575;3.156117049;0.234499892
1684.224507;0.043805613;1580;3.462085265;0.231550517
1684.224507;0.043805613;1585;3.796982104;0.228573545
1684.224507;0.043805613;1590;4.163490646;0.225568133
1684.224507;0.043805613;1595;4.564540978;0.222533448
1684.224507;0.043805613;1600;5.003333199;0.219468669
1684.224507;0.043805613;1605;5.483362606;0.21637301
1684.224507;0.043805613;1610;6.008447263;0.213245732
1684.224507;0.043805613;1615;6.582758121;0.210086171
1684.224507;0.043805613;1620;7.210851871;0.206893765
1684.224507;0.043805613;1625;7.897706656;0.203668098
1684.224507;0.043805613;1630;8.648760675;0.200408946
1684.224507;0.043805613;1635;9.469953615;0.197116349
1684.224507;0.043805613;1640;10.36777058;0.193790691
1684.224507;0.043805613;1645;11.34928783;0.190432808
1684.224507;0.043805613;1650;12.42221907;0.18704413
1684.224507;0.043805613;1655;13.59496012;0.183626854
1684.224507;0.043805613;1660;14.87662839;0.180184168
1684.224507;0.043805613;1665;16.27709149;0.176720528
1684.224507;0.043805613;1670;17.80697636;0.173241999
1684.224507;0.043805613;1675;19.47764602;0.169756669
1684.224507;0.043805613;1680;21.30112505;0.166275126
1684.224507;0.043805613;1685;23.28994825;0.162810992
1684.224507;0.043805613;1690;25.45689908;0.159381463
1684.224507;0.043805613;1695;27.81459899;0.15600777
1684.224507;0.043805613;1700;30.37491077;0.152715447
1684.224507;0.043805613;1705;33.14813548;0.149534206
1684.224507;0.043805613;1710;36.14202388;0.146497225
1684.224507;0.043805613;1715;39.360692;0.143639685
1684.224507;0.043805613;1720;42.80361525;0.140996552
1684.224507;0.043805613;1725;46.46494113;0.138599788
1684.224507;0.043805613;1730;50.33335639;0.136475495
1684.224507;0.043805613;1735;54.39264061;0.134641545
1684.224507;0.043805613;1740;58.62285491;0.133106246
1684.224507;0.043805613;1745;63.00193166;0.131868284
1684.224507;0.043805613;1750;67.50733518;0.130917829
1684.224507;0.043805613;1755;72.11749119;0.130238445
1684.224507;0.043805613;1760;76.81280238;0.129809305
1684.224507;0.043805613;1765;81.57620828;0.129607309
1684.224507;0.043805613;1770;86.39335371;0.129608838
1684.224507;0.043805613;1775;91.25247935;0.129791027
1683.671986;0.062970568;1350;0.143246785;0.32908288
1683.671986;0.062970568;1375;0.218739115;0.318435859
1683.671986;0.062970568;1400;0.332012159;0.307630995
1683.671986;0.062970568;1420;0.461655281;0.298854254
1683.671986;0.062970568;1425;0.501029119;0.29663954
1683.671986;0.062970568;1430;0.543640124;0.294416083
1683.671986;0.062970568;1440;0.639620255;0.289941815
1683.671986;0.062970568;1450;0.751894859;0.28542913
1683.671986;0.062970568;1460;0.883128107;0.280875581
1683.671986;0.062970568;1470;1.036405695;0.276278581
1683.671986;0.062970568;1475;1.122406521;0.273962939
1683.671986;0.062970568;1480;1.215300119;0.271635395
1683.671986;0.062970568;1490;1.42394607;0.266943128
1683.671986;0.062970568;1500;1.667127619;0.262198716
1683.671986;0.062970568;1505;1.803366344;0.259805948
1683.671986;0.062970568;1510;1.950379122;0.257398914
1683.671986;0.062970568;1515;2.108994163;0.254977178
1683.671986;0.062970568;1520;2.280102189;0.252540295
1683.671986;0.062970568;1525;2.464661177;0.250087807
1683.671986;0.062970568;1530;2.663701455;0.247619243
1683.671986;0.062970568;1535;2.878331222;0.245134122
1683.671986;0.062970568;1540;3.109742498;0.242631953
1683.671986;0.062970568;1545;3.359217556;0.240112233
1683.671986;0.062970568;1550;3.628135885;0.237574449
1683.671986;0.062970568;1555;3.917981721;0.235018083
1683.671986;0.062970568;1560;4.230352194;0.232442607
1683.671986;0.062970568;1565;4.566966172;0.22984749
1683.671986;0.062970568;1570;4.929673839;0.227232199
1683.671986;0.062970568;1575;5.320467088;0.224596205
1683.671986;0.062970568;1580;5.741490805;0.221938983
1683.671986;0.062970568;1585;6.195055127;0.219260022
1683.671986;0.062970568;1590;6.683648749;0.216558828
1683.671986;0.062970568;1595;7.20995339;0.213834938
1683.671986;0.062970568;1600;7.776859498;0.211087926
1683.671986;0.062970568;1605;8.387483298;0.208317423
1683.671986;0.062970568;1610;9.045185269;0.205523125
1683.671986;0.062970568;1615;9.753590131;0.202704826
1683.671986;0.062970568;1620;10.51660839;0.199862435
1683.671986;0.062970568;1625;11.33845943;0.196996015
1683.671986;0.062970568;1630;12.22369617;0.19410582
1683.671986;0.062970568;1635;13.17723091;0.191192351
1683.671986;0.062970568;1640;14.20436229;0.188256412
1683.671986;0.062970568;1645;15.31080246;0.185299195
1683.671986;0.062970568;1650;16.50270364;0.182322366
1683.671986;0.062970568;1655;17.78668234;0.179328189
1683.671986;0.062970568;1660;19.16983899;0.176319658
1683.671986;0.062970568;1665;20.65976926;0.173300667
1683.671986;0.062970568;1670;22.26456205;0.170276207
1683.671986;0.062970568;1675;23.992777;0.167252583
1683.671986;0.062970568;1680;25.85339168;0.164237671
1683.671986;0.062970568;1685;27.85570602;0.161241168
1683.671986;0.062970568;1690;30.00918827;0.158274851
1683.671986;0.062970568;1695;32.32324546;0.155352776
1683.671986;0.062970568;1700;34.80690192;0.152491389
1683.671986;0.062970568;1705;37.46837575;0.149709468
1683.671986;0.062970568;1710;40.31455692;0.14702782
1683.671986;0.062970568;1715;43.35041412;0.14446869
1683.671986;0.062970568;1720;46.57838793;0.142054822
1683.671986;0.062970568;1725;49.99785863;0.139808244
1683.671986;0.062970568;1730;53.6047939;0.137748876
1683.671986;0.062970568;1735;57.39167234;0.135893169
1683.671986;0.062970568;1740;61.34773606;0.134252974
1683.671986;0.062970568;1745;65.45955875;0.132834856
1683.671986;0.062970568;1750;69.71184702;0.131639927
1683.671986;0.062970568;1755;74.08834672;0.130664206
1683.671986;0.062970568;1760;78.57271831;0.129899386
1683.671986;0.062970568;1765;83.14927303;0.129333847
1683.671986;0.062970568;1770;87.80350952;0.128953737
1683.671986;0.062970568;1775;92.52243912;0.128743984
1683.671986;0.062970568;1780;97.29472443;0.128689151
1683.146674;0.082135524;1300;0.154794416;0.334909771
1683.146674;0.082135524;1325;0.225652585;0.32515336
1683.146674;0.082135524;1350;0.32710346;0.315294806
1683.146674;0.082135524;1375;0.471612134;0.305313907
1683.146674;0.082135524;1400;0.676455043;0.295188483
1683.146674;0.082135524;1410;0.780359639;0.291092427
1683.146674;0.082135524;1420;0.899528298;0.286967644
1683.146674;0.082135524;1425;0.965497435;0.284893927
1683.146674;0.082135524;1430;1.036110666;0.282812355
1683.146674;0.082135524;1440;1.192548542;0.278624693
1683.146674;0.082135524;1450;1.371614779;0.274402701
1683.146674;0.082135524;1460;1.576457428;0.270144324
1683.146674;0.082135524;1470;1.810649875;0.2658474
1683.146674;0.082135524;1475;1.939999133;0.263683779
1683.146674;0.082135524;1480;2.078247858;0.261509661
1683.146674;0.082135524;1490;2.383854389;0.257128724
1683.146674;0.082135524;1500;2.732693804;0.252702088
1683.146674;0.082135524;1505;2.925148921;0.25047082
1683.146674;0.082135524;1510;3.130696378;0.248227136
1683.146674;0.082135524;1515;3.35020365;0.245970691
1683.146674;0.082135524;1520;3.584595212;0.243701133
1683.146674;0.082135524;1525;3.834856379;0.241418103
1683.146674;0.082135524;1530;4.102037437;0.239121236
1683.146674;0.082135524;1535;4.387258079;0.236810163
1683.146674;0.082135524;1540;4.691712171;0.234484508
1683.146674;0.082135524;1545;5.016672878;0.232143894
1683.146674;0.082135524;1550;5.363498184;0.229787941
1683.146674;0.082135524;1555;5.733636843;0.227416268
1683.146674;0.082135524;1560;6.128634785;0.225028497
1683.146674;0.082135524;1565;6.550142038;0.222624253
1683.146674;0.082135524;1570;6.999920194;0.22020317
1683.146674;0.082135524;1575;7.479850472;0.217764893
1683.146674;0.082135524;1580;7.99194244;0.215309083
1683.146674;0.082135524;1585;8.538343434;0.212835423
1683.146674;0.082135524;1590;9.121348738;0.210343626
1683.146674;0.082135524;1595;9.743412591;0.207833443
1683.146674;0.082135524;1600;10.40716006;0.205304672
1683.146674;0.082135524;1605;11.11539987;0.202757174
1683.146674;0.082135524;1610;11.87113814;0.200190887
1683.146674;0.082135524;1615;12.67759322;0.197605842
1683.146674;0.082135524;1620;13.5382114;0.195002192
1683.146674;0.082135524;1625;14.4566837;0.192380233
1683.146674;0.082135524;1630;15.43696341;0.189740442
1683.146674;0.082135524;1635;16.48328431;0.187083516
1683.146674;0.082135524;1640;17.60017917;0.184410417
1683.146674;0.082135524;1645;18.79249801;0.181722435
1683.146674;0.082135524;1650;20.06542525;0.179021255
1683.146674;0.082135524;1655;21.42449459;0.176309038
1683.146674;0.082135524;1660;22.87559982;0.173588515
1683.146674;0.082135524;1665;24.42499907;0.170863102
1683.146674;0.082135524;1670;26.07930915;0.168137024
1683.146674;0.082135524;1675;27.84548535;0.165415451
1683.146674;0.082135524;1680;29.73078088;0.162704653
1683.146674;0.082135524;1685;31.74267838;0.160012144
1683.146674;0.082135524;1690;33.88878491;0.15734683
1683.146674;0.082135524;1695;36.17668089;0.154719107
1683.146674;0.082135524;1700;38.6137142;0.152140926
1683.146674;0.082135524;1705;41.20673363;0.149625744
1683.146674;0.082135524;1710;43.96176213;0.147188371
1683.146674;0.082135524;1715;46.88362125;0.144844644
1683.146674;0.082135524;1720;49.97553175;0.14261094
1683.146674;0.082135524;1725;53.23873135;0.140503517
1683.146674;0.082135524;1730;56.6721623;0.138537739
1683.146674;0.082135524;1735;60.27228472;0.136727249
1683.146674;0.082135524;1740;64.03306143;0.135083203
1683.146674;0.082135524;1745;67.9461359;0.13361366
1683.146674;0.082135524;1750;72.0011923;0.13232321
1683.146674;0.082135524;1755;76.18645427;0.131212887
1683.146674;0.082135524;1760;80.48925717;0.130280356
1683.146674;0.082135524;1765;84.89662219;0.129520329
1683.146674;0.082135524;1770;89.39577076;0.128925128
1683.146674;0.082135524;1775;93.97453752;0.128485316
1683.146674;0.082135524;1780;98.62166381;0.128190317
1683.146674;0.082135524;1785;103.3269739;0.128028981
1683.146674;0.082135524;1790;108.0814501;0.127990043
1683.146674;0.082135524;1795;112.8772294;0.128062486
1683.146674;0.082135524;1800;117.7075453;0.128235799
1683.267327;0.10403833;1210;0.093522828;0.354932044
1683.267327;0.10403833;1240;0.142399595;0.344130872
1683.267327;0.10403833;1250;0.163522274;0.340517874
1683.267327;0.10403833;1255;0.175172205;0.338708523
1683.267327;0.10403833;1260;0.187610556;0.336897123
1683.267327;0.10403833;1270;0.2150581;0.333267725
1683.267327;0.10403833;1275;0.230177976;0.331449498
1683.267327;0.10403833;1280;0.246308006;0.329628765
1683.267327;0.10403833;1290;0.28185871;0.325979309
1683.267327;0.10403833;1300;0.322270568;0.322318395
1683.267327;0.10403833;1305;0.344493256;0.320483335
1683.267327;0.10403833;1310;0.368173175;0.31864504
1683.267327;0.10403833;1315;0.393401184;0.31680338
1683.267327;0.10403833;1320;0.42027354;0.314958228
1683.267327;0.10403833;1325;0.448892207;0.31310945
1683.267327;0.10403833;1335;0.511806834;0.309400483
1683.267327;0.10403833;1340;0.546338272;0.30754002
1683.267327;0.10403833;1350;0.622190938;0.30380643
1683.267327;0.10403833;1360;0.708041857;0.30005499
1683.267327;0.10403833;1370;0.805144301;0.296284504
1683.267327;0.10403833;1375;0.858347113;0.294391731
1683.267327;0.10403833;1380;0.914901798;0.292493727
1683.267327;0.10403833;1390;1.038885605;0.288681371
1683.267327;0.10403833;1395;1.106754011;0.286766683
1683.267327;0.10403833;1400;1.178854214;0.284846091
1683.267327;0.10403833;1405;1.255438854;0.28291942
1683.267327;0.10403833;1410;1.336775132;0.280986489
1683.267327;0.10403833;1415;1.423145641;0.279047114
1683.267327;0.10403833;1420;1.514849235;0.277101106
1683.267327;0.10403833;1425;1.612201953;0.275148274
1683.267327;0.10403833;1430;1.715538002;0.273188422
1683.267327;0.10403833;1435;1.825210792;0.271221348
1683.267327;0.10403833;1440;1.94159403;0.269246848
1683.267327;0.10403833;1445;2.065082886;0.267264713
1683.267327;0.10403833;1450;2.196095225;0.265274729
1683.267327;0.10403833;1455;2.335072914;0.263276677
1683.267327;0.10403833;1460;2.482483207;0.261270334
1683.267327;0.10403833;1465;2.638820218;0.259255472
1683.267327;0.10403833;1470;2.804606482;0.257231859
1683.267327;0.10403833;1475;2.980394613;0.255199256
1683.267327;0.10403833;1480;3.166769071;0.253157422
1683.267327;0.10403833;1485;3.364348034;0.251106108
1683.267327;0.10403833;1490;3.573785392;0.249045064
1683.267327;0.10403833;1495;3.795772877;0.246974033
1683.267327;0.10403833;1500;4.031042321;0.244892753
1683.267327;0.10403833;1505;4.28036807;0.242800959
1683.267327;0.10403833;1510;4.544569557;0.240698382
1683.267327;0.10403833;1515;4.824514051;0.238584749
1683.267327;0.10403833;1520;5.12111959;0.236459784
1683.267327;0.10403833;1525;5.435358119;0.234323207
1683.267327;0.10403833;1530;5.768258849;0.232174739
1683.267327;0.10403833;1535;6.120911849;0.230014098
1683.267327;0.10403833;1540;6.494471898;0.227841002
1683.267327;0.10403833;1545;6.890162619;0.225655171
1683.267327;0.10403833;1550;7.309280907;0.223456327
1683.267327;0.10403833;1555;7.753201695;0.221244199
1683.267327;0.10403833;1560;8.223383067;0.21901852
1683.267327;0.10403833;1565;8.72137176;0.216779034
1683.267327;0.10403833;1570;9.248809083;0.2145255
1683.267327;0.10403833;1575;9.807437287;0.21225769
1683.267327;0.10403833;1580;10.39910642;0.209975401
1683.267327;0.10403833;1585;11.02578171;0.207678455
1683.267327;0.10403833;1590;11.68955149;0.205366709
1683.267327;0.10403833;1595;12.39263574;0.203040059
1683.267327;0.10403833;1600;13.13739526;0.200698455
1683.267327;0.10403833;1605;13.92634144;0.198341906
1683.267327;0.10403833;1610;14.76214678;0.195970497
1683.267327;0.10403833;1615;15.64765602;0.193584405
1683.267327;0.10403833;1620;16.58589792;0.191183916
1683.267327;0.10403833;1625;17.58009762;0.188769445
1683.267327;0.10403833;1630;18.63368945;0.186341568
1683.267327;0.10403833;1635;19.75033006;0.183901048
1683.267327;0.10403833;1640;20.93391141;0.181448872
1683.267327;0.10403833;1645;22.1885734;0.178986297
1683.267327;0.10403833;1650;23.51871533;0.176514896
1683.267327;0.10403833;1655;24.92900538;0.174036615
1683.267327;0.10403833;1660;26.4243868;0.171553842
1683.267327;0.10403833;1665;28.01007922;0.169069479
1683.267327;0.10403833;1670;29.69157272;0.166587025
1683.267327;0.10403833;1675;31.47461187;0.164110662
1683.267327;0.10403833;1680;33.36516598;0.161645353
1683.267327;0.10403833;1685;35.36938119;0.159196928
1683.267327;0.10403833;1690;37.49350924;0.15677217
1683.267327;0.10403833;1695;39.7438074;0.15437888
1683.267327;0.10403833;1700;42.12640453;0.152025905
1683.267327;0.10403833;1705;44.6471293;0.149723124
1683.267327;0.10403833;1710;47.31130003;0.147481358
1683.267327;0.10403833;1715;50.12348015;0.145312201
1683.267327;0.10403833;1720;53.08721046;0.143227752
1683.267327;0.10403833;1725;56.20473707;0.141240256
1683.267327;0.10403833;1730;59.47676165;0.139361653
1683.267327;0.10403833;1735;62.90224513;0.137603082
1683.267327;0.10403833;1740;66.47829584;0.135974377
1683.267327;0.10403833;1745;70.2001659;0.134483604
1683.267327;0.10403833;1750;74.06136665;0.133136696
1683.267327;0.10403833;1755;78.05389675;0.131937232
1683.267327;0.10403833;1760;82.16856051;0.130886365
1683.267327;0.10403833;1765;86.3953414;0.129982914
1683.267327;0.10403833;1770;90.72379133;0.129223589
1683.267327;0.10403833;1775;95.14339839;0.128603313
1683.267327;0.10403833;1780;99.64390467;0.128115598
1683.267327;0.10403833;1785;104.215557;0.127752947
1683.267327;0.10403833;1790;108.849285;0.127507218
1683.267327;0.10403833;1795;113.5368097;0.127369963
1683.267327;0.10403833;1800;118.2706926;0.1273327
1683.267327;0.10403833;1805;123.0443381;0.127387129
1683.267327;0.10403833;1810;127.8519612;0.127525291
1683.267327;0.10403833;1815;132.688533;0.127739674
1683.267327;0.10403833;1820;137.5497134;0.128023278
1683.267327;0.10403833;1825;142.4317788;0.128369648
1683.267327;0.10403833;1875;191.890909;0.134230854
1682.753329;0.128678987;1125;0.064260527;0.371223993
1682.753329;0.128678987;1150;0.089567691;0.362721457
1682.753329;0.128678987;1175;0.124108628;0.354218756
1682.753329;0.128678987;1225;0.234330029;0.337168881
1682.753329;0.128678987;1290;0.519079146;0.314786764
1682.753329;0.128678987;1300;0.584951953;0.311309275
1682.753329;0.128678987;1325;0.786072931;0.302563313
1682.753329;0.128678987;1350;1.051763892;0.293731082
1682.753329;0.128678987;1360;1.180302499;0.290170593
1682.753329;0.128678987;1370;1.323694899;0.286592773
1682.753329;0.128678987;1375;1.401464009;0.284797025
1682.753329;0.128678987;1380;1.483570663;0.282996531
1682.753329;0.128678987;1390;1.661730958;0.279380736
1682.753329;0.128678987;1395;1.758281931;0.277565141
1682.753329;0.128678987;1400;1.860166338;0.275744216
1682.753329;0.128678987;1410;2.08107643;0.272085754
1682.753329;0.128678987;1420;2.326891773;0.268404088
1682.753329;0.128678987;1425;2.459967502;0.266554146
1682.753329;0.128678987;1430;2.600298038;0.264697908
1682.753329;0.128678987;1435;2.748263371;0.262835201
1682.753329;0.128678987;1440;2.90426297;0.260965852
1682.753329;0.128678987;1445;3.068716795;0.259089682
1682.753329;0.128678987;1450;3.242066368;0.25720651
1682.753329;0.128678987;1455;3.424775908;0.25531615
1682.753329;0.128678987;1460;3.617333527;0.253418416
1682.753329;0.128678987;1465;3.820252501;0.251513117
1682.753329;0.128678987;1470;4.034072609;0.249600057
1682.753329;0.128678987;1475;4.259361559;0.24767904
1682.753329;0.128678987;1480;4.496716491;0.245749864
1682.753329;0.128678987;1485;4.746765582;0.243812328
1682.753329;0.128678987;1490;5.010169739;0.241866225
1682.753329;0.128678987;1495;5.287624404;0.239911346
1682.753329;0.128678987;1500;5.579861468;0.23794748
1682.753329;0.128678987;1505;5.887651314;0.235974416
1682.753329;0.128678987;1510;6.211804984;0.233991939
1682.753329;0.128678987;1515;6.553176489;0.231999833
1682.753329;0.128678987;1520;6.912665275;0.229997884
1682.753329;0.128678987;1525;7.291218854;0.227985877
1682.753329;0.128678987;1530;7.689835604;0.225963596
1682.753329;0.128678987;1535;8.109567777;0.223930832
1682.753329;0.128678987;1540;8.551524698;0.221887374
1682.753329;0.128678987;1545;9.0168762;0.21983302
1682.753329;0.128678987;1550;9.506856294;0.217767572
1682.753329;0.128678987;1555;10.02276711;0.215690841
1682.753329;0.128678987;1560;10.5659831;0.213602649
1682.753329;0.128678987;1565;11.13795559;0.211502832
1682.753329;0.128678987;1570;11.74021758;0.209391241
1682.753329;0.128678987;1575;12.374389;0.207267748
1682.753329;0.128678987;1580;13.04218225;0.20513225
1682.753329;0.128678987;1585;13.74540816;0.202984673
1682.753329;0.128678987;1590;14.48598244;0.20082498
1682.753329;0.128678987;1595;15.26593245;0.198653177
1682.753329;0.128678987;1600;16.08740456;0.196469319
1682.753329;0.128678987;1605;16.95267186;0.194273525
1682.753329;0.128678987;1610;17.86414237;0.192065983
1682.753329;0.128678987;1615;18.82436775;0.189846969
1682.753329;0.128678987;1620;19.83605234;0.187616858
1682.753329;0.128678987;1625;20.90206252;0.185376148
1682.753329;0.128678987;1630;22.02543631;0.183125471
1682.753329;0.128678987;1635;23.20939303;0.180865628
1682.753329;0.128678987;1640;24.45734262;0.17859761
1682.753329;0.128678987;1645;25.77289441;0.176322634
1682.753329;0.128678987;1650;27.15986485;0.174042179
1682.753329;0.128678987;1655;28.62228323;0.171758026
1682.753329;0.128678987;1660;30.16439486;0.169472307
1682.753329;0.128678987;1665;31.79066014;0.167187555
1682.753329;0.128678987;1670;33.50574815;0.164906762
1682.753329;0.128678987;1675;35.31452269;0.162633436
1682.753329;0.128678987;1680;37.22201844;0.160371659
1682.753329;0.128678987;1685;39.23340425;0.158126152
1682.753329;0.128678987;1690;41.35393056;0.155902316
1682.753329;0.128678987;1695;43.58885732;0.153706277
1682.753329;0.128678987;1700;45.94335957;0.151544897
1682.753329;0.128678987;1705;48.42240818;0.149425763
1682.753329;0.128678987;1710;51.03062512;0.14735713
1682.753329;0.128678987;1715;53.77211529;0.145347817
1682.753329;0.128678987;1720;56.6502805;0.143407043
1682.753329;0.128678987;1725;59.66762547;0.141544212
1682.753329;0.128678987;1730;62.82557025;0.139768636
1682.753329;0.128678987;1735;66.12428683;0.138089228
1682.753329;0.128678987;1740;69.56257889;0.136514168
1682.753329;0.128678987;1745;73.13782213;0.135050584
1682.753329;0.128678987;1750;76.84597727;0.133704274
1682.753329;0.128678987;1755;80.6816801;0.132479485
1682.753329;0.128678987;1760;84.63840317;0.131378785
1682.753329;0.128678987;1765;88.70867559;0.130403027
1682.753329;0.128678987;1770;92.88434004;0.12955141
1682.753329;0.128678987;1775;97.15682421;0.128821614
1682.753329;0.128678987;1780;101.5174038;0.128210003
1682.753329;0.128678987;1785;105.957439;0.127711866
1682.753329;0.128678987;1790;110.4685723;0.127321671
1682.753329;0.128678987;1795;115.0428803;0.127033314
1682.753329;0.128678987;1800;119.6729803;0.126840353
1682.753329;0.128678987;1805;124.3520944;0.126736207
1682.753329;0.128678987;1850;167.8498989;0.128798699
1681.724779;0.180698152;1150;0.28180837;0.341951601
1681.724779;0.180698152;1175;0.369968238;0.334114058
1681.724779;0.180698152;1200;0.483401722;0.326266011
1681.724779;0.180698152;1225;0.628751136;0.318398158
1681.724779;0.180698152;1230;0.662344885;0.316821372
1681.724779;0.180698152;1250;0.814268145;0.31050089
1681.724779;0.180698152;1275;1.050179488;0.302564199
1681.724779;0.180698152;1285;1.161394585;0.299376152
1681.724779;0.180698152;1290;1.221061141;0.297778917
1681.724779;0.180698152;1295;1.283597737;0.296179425
1681.724779;0.180698152;1300;1.349134015;0.294577585
1681.724779;0.180698152;1305;1.417805172;0.292973306
1681.724779;0.180698152;1310;1.489752196;0.291366497
1681.724779;0.180698152;1315;1.565122102;0.289757065
1681.724779;0.180698152;1320;1.644068188;0.288144914
1681.724779;0.180698152;1325;1.726750299;0.28652995
1681.724779;0.180698152;1330;1.813335098;0.284912075
1681.724779;0.180698152;1335;1.903996355;0.283291193
1681.724779;0.180698152;1340;1.998915245;0.281667203
1681.724779;0.180698152;1345;2.098280661;0.280040004
1681.724779;0.180698152;1350;2.20228954;0.278409494
1681.724779;0.180698152;1355;2.311147202;0.27677557
1681.724779;0.180698152;1360;2.425067711;0.275138127
1681.724779;0.180698152;1365;2.54427424;0.273497057
1681.724779;0.180698152;1370;2.668999467;0.271852254
1681.724779;0.180698152;1375;2.799485979;0.270203606
1681.724779;0.180698152;1380;2.9359867;0.268551003
1681.724779;0.180698152;1385;3.078765335;0.266894332
1681.724779;0.180698152;1390;3.228096837;0.265233478
1681.724779;0.180698152;1395;3.3842679;0.263568326
1681.724779;0.180698152;1400;3.547577469;0.261898756
1681.724779;0.180698152;1405;3.718337279;0.26022465
1681.724779;0.180698152;1410;3.896872418;0.258545887
1681.724779;0.180698152;1415;4.083521921;0.256862343
1681.724779;0.180698152;1420;4.27863939;0.255173893
1681.724779;0.180698152;1425;4.482593649;0.253480412
1681.724779;0.180698152;1430;4.695769429;0.251781771
1681.724779;0.180698152;1435;4.918568091;0.250077841
1681.724779;0.180698152;1440;5.151408383;0.24836849
1681.724779;0.180698152;1445;5.394727245;0.246653586
1681.724779;0.180698152;1450;5.648980645;0.244932994
1681.724779;0.180698152;1455;5.914644471;0.243206579
1681.724779;0.180698152;1460;6.192215466;0.241474203
1681.724779;0.180698152;1465;6.482212217;0.23973573
1681.724779;0.180698152;1470;6.785176196;0.237991019
1681.724779;0.180698152;1475;7.101672866;0.236239931
1681.724779;0.180698152;1480;7.432292845;0.234482324
1681.724779;0.180698152;1485;7.777653142;0.23271806
1681.724779;0.180698152;1490;8.138398458;0.230946995
1681.724779;0.180698152;1495;8.515202579;0.229168991
1681.724779;0.180698152;1500;8.908769833;0.227383905
1681.724779;0.180698152;1505;9.319836657;0.2255916
1681.724779;0.180698152;1510;9.749173244;0.223791939
1681.724779;0.180698152;1515;10.1975853;0.221984786
1681.724779;0.180698152;1520;10.66591593;0.220170009
1681.724779;0.180698152;1525;11.15504758;0.218347481
1681.724779;0.180698152;1530;11.6659042;0.216517077
1681.724779;0.180698152;1535;12.19945346;0.214678679
1681.724779;0.180698152;1540;12.7567092;0.212832177
1681.724779;0.180698152;1545;13.3387339;0.21097747
1681.724779;0.180698152;1550;13.94664151;0.209114464
1681.724779;0.180698152;1555;14.58160026;0.20724308
1681.724779;0.180698152;1560;15.24483584;0.205363251
1681.724779;0.180698152;1565;15.93763464;0.203474929
1681.724779;0.180698152;1570;16.66134732;0.201578084
1681.724779;0.180698152;1575;17.41739253;0.199672708
1681.724779;0.180698152;1580;18.2072609;0.197758822
1681.724779;0.180698152;1585;19.03251931;0.195836475
1681.724779;0.180698152;1590;19.89481531;0.193905755
1681.724779;0.180698152;1595;20.79588195;0.191966787
1681.724779;0.180698152;1600;21.73754273;0.190019748
1681.724779;0.180698152;1605;22.72171687;0.188064868
1681.724779;0.180698152;1610;23.75042476;0.186102442
1681.724779;0.180698152;1615;24.82579368;0.184132837
1681.724779;0.180698152;1620;25.95006351;0.182156504
1681.724779;0.180698152;1625;27.1255927;0.180173994
1681.724779;0.180698152;1630;28.35486399;0.178185964
1681.724779;0.180698152;1635;29.64049013;0.176193202
1681.724779;0.180698152;1640;30.98521904;0.174196637
1681.724779;0.180698152;1645;32.39193841;0.172197366
1681.724779;0.180698152;1650;33.86367927;0.170196669
1681.724779;0.180698152;1655;35.40361815;0.16819604
1681.724779;0.180698152;1660;37.0150771;0.166197209
1681.724779;0.180698152;1665;38.70152115;0.164202169
1681.724779;0.180698152;1670;40.46655205;0.16221321
1681.724779;0.180698152;1675;42.31389743;0.160232945
1681.724779;0.180698152;1680;44.2473941;0.158264338
1681.724779;0.180698152;1685;46.27096409;0.156310733
1681.724779;0.180698152;1690;48.38858197;0.154375876
1681.724779;0.180698152;1695;50.6042319;0.152463928
1681.724779;0.180698152;1700;52.92185307;0.150579469
1681.724779;0.180698152;1705;55.34527249;0.148727489
1681.724779;0.180698152;1710;57.87812468;0.146913359
1681.724779;0.180698152;1715;60.52375901;0.14514278
1681.724779;0.180698152;1720;63.28513644;0.143421713
1681.724779;0.180698152;1725;66.16471938;0.141756274
1681.724779;0.180698152;1730;69.16435983;0.140152616
1681.724779;0.180698152;1735;72.28519266;0.138616781
1681.724779;0.180698152;1740;75.52754217;0.137154541
1681.724779;0.180698152;1745;78.89085013;0.135771235
1681.724779;0.180698152;1750;82.37363296;0.13447161
1681.724779;0.180698152;1760;89.68705314;0.132138585
1681.724779;0.180698152;1770;97.43806938;0.130176846
1681.724779;0.180698152;1775;101.4651184;0.129337702
1681.724779;0.180698152;1780;105.5854015;0.128592455
1681.724779;0.180698152;1790;114.0804234;0.127376715
1681.724779;0.180698152;1800;122.8718488;0.126508812
1681.724779;0.180698152;1810;131.9098373;0.125959579
1681.724779;0.180698152;1820;141.1488886;0.125695398
1681.724779;0.180698152;1825;145.8311885;0.12565931
1681.724779;0.180698152;1830;150.549401;0.125681496
1681.724779;0.180698152;1850;169.7078703;0.126272979
1679.40864;0.257357974;1075;0.383628627;0.343101533
1679.40864;0.257357974;1125;0.616068271;0.328662536
1679.40864;0.257357974;1175;0.972366188;0.314253728
1679.40864;0.257357974;1180;1.016867508;0.31281219
1679.40864;0.257357974;1190;1.111557906;0.30992796
1679.40864;0.257357974;1200;1.214327637;0.307041777
1679.40864;0.257357974;1210;1.325809329;0.304153141
1679.40864;0.257357974;1220;1.446681553;0.301261545
1679.40864;0.257357974;1225;1.510864511;0.299814477
1679.40864;0.257357974;1230;1.577672014;0.298366475
1679.40864;0.257357974;1240;1.719560971;0.295467413
1679.40864;0.257357974;1250;1.873184898;0.29256383
1679.40864;0.257357974;1260;2.039440415;0.289655193
1679.40864;0.257357974;1270;2.219288506;0.286740958
1679.40864;0.257357974;1275;2.31462878;0.285281569
1679.40864;0.257357974;1280;2.413759046;0.283820573
1679.40864;0.257357974;1290;2.62395568;0.280893474
1679.40864;0.257357974;1300;2.851061054;0.277959091
1679.40864;0.257357974;1310;3.09634247;0.275016841
1679.40864;0.257357974;1320;3.361157974;0.272066128
1679.40864;0.257357974;1325;3.501341818;0.270587409
1679.40864;0.257357974;1330;3.646962929;0.269106347
1679.40864;0.257357974;1340;3.955317122;0.266136879
1679.40864;0.257357974;1350;4.287892464;0.263157095
1679.40864;0.257357974;1360;4.646481326;0.260166351
1679.40864;0.257357974;1370;5.033005595;0.257163989
1679.40864;0.257357974;1375;5.237381919;0.255658244
1679.40864;0.257357974;1380;5.449526528;0.254149343
1679.40864;0.257357974;1390;5.898255473;0.251121729
1679.40864;0.257357974;1400;6.381565585;0.248080453
1679.40864;0.257357974;1410;6.902004618;0.24502481
1679.40864;0.257357974;1420;7.462308958;0.241954085
1679.40864;0.257357974;1425;7.758321076;0.24041284
1679.40864;0.257357974;1430;8.065419018;0.238867552
1679.40864;0.257357974;1440;8.714496174;0.235764481
1679.40864;0.257357974;1450;9.412941455;0.232644137
1679.40864;0.257357974;1460;10.16441618;0.229505785
1679.40864;0.257357974;1470;10.97286484;0.226348697
1679.40864;0.257357974;1475;11.39977066;0.224762903
1679.40864;0.257357974;1480;11.84254047;0.223172157
1679.40864;0.257357974;1490;12.77803298;0.219975468
1679.40864;0.257357974;1500;13.78430059;0.216757966
1679.40864;0.257357974;1510;14.86670516;0.213519032
1679.40864;0.257357974;1520;16.03105165;0.21025811
1679.40864;0.257357974;1525;16.6458991;0.208619253
1679.40864;0.257357974;1530;17.28363236;0.206974729
1679.40864;0.257357974;1540;18.63127674;0.203668532
1679.40864;0.257357974;1550;20.08140719;0.200339311
1679.40864;0.257357974;1560;21.6421019;0.196987054
1679.40864;0.257357974;1570;23.32216512;0.193612
1679.40864;0.257357974;1575;24.20992896;0.191916086
1679.40864;0.257357974;1580;25.13120581;0.190214715
1679.40864;0.257357974;1590;27.07972487;0.186796179
1679.40864;0.257357974;1600;29.17921096;0.183357908
1679.40864;0.257357974;1610;31.44224415;0.179902093
1679.40864;0.257357974;1620;33.88260508;0.176431787
1679.40864;0.257357974;1625;35.17394542;0.174692441
1679.40864;0.257357974;1630;36.51538527;0.172951122
1679.40864;0.257357974;1640;39.35709039;0.16946559
1679.40864;0.257357974;1650;42.42572308;0.165982369
1679.40864;0.257357974;1660;45.74082368;0.162510708
1679.40864;0.257357974;1670;49.32343601;0.159062351
1679.40864;0.257357974;1675;51.22201134;0.157351376
1679.40864;0.257357974;1680;53.19595082;0.15565199
1679.40864;0.257357974;1690;57.38176318;0.152297667
1679.40864;0.257357974;1700;61.90466626;0.149021054
1679.40864;0.257357974;1710;66.78790324;0.14584746
1679.40864;0.257357974;1720;72.05282564;0.142805423
1679.40864;0.257357974;1725;74.83415782;0.141343304
1679.40864;0.257357974;1730;77.71717867;0.139925703
1679.40864;0.257357974;1740;83.7931556;0.137239648
1679.40864;0.257357974;1750;90.28551035;0.134776988
1679.40864;0.257357974;1760;97.19012806;0.132563375
1679.40864;0.257357974;1770;104.4934498;0.130618102
1679.40864;0.257357974;1775;108.2879097;0.129749963
1679.40864;0.257357974;1780;112.1729894;0.128952471
1679.40864;0.257357974;1790;120.1989058;0.127569133
1679.40864;0.257357974;1800;128.5363206;0.126462492
1679.40864;0.257357974;1810;137.14791;0.125619968
1679.40864;0.257357974;1820;145.9963105;0.125023789
1679.40864;0.257357974;1825;150.4981086;0.124811584
1679.40864;0.257357974;1830;155.0460195;0.124652924
1679.40864;0.257357974;1840;164.264661;0.124484844
1679.40864;0.257357974;1850;173.6236462;0.12449695
1679.40864;0.257357974;1860;183.0983522;0.124667585
1679.40864;0.257357974;1870;192.6679703;0.124976669
1679.40864;0.257357974;1875;197.4828289;0.125177373
1679.40864;0.257357974;1880;202.3151615;0.125406034
1679.40864;0.257357974;2000;320.8163905;0.135725163
1679.40864;0.257357974;2100;420.6461903;0.14717943
1677.401575;0.353182752;700;0.023223538;0.431558726
1677.401575;0.353182752;800;0.071533054;0.40100024
1677.401575;0.353182752;850;0.119909514;0.386421645
1677.401575;0.353182752;900;0.195820381;0.372200147
1677.401575;0.353182752;925;0.248021431;0.365201356
1677.401575;0.353182752;950;0.312408441;0.358266478
1677.401575;0.353182752;975;0.39145709;0.351387955
1677.401575;0.353182752;1000;0.488079945;0.344558537
1677.401575;0.353182752;1025;0.605694248;0.337771232
1677.401575;0.353182752;1050;0.748299391;0.331019249
1677.401575;0.353182752;1075;0.920565545;0.324295954
1677.401575;0.353182752;1100;1.12793515;0.317594821
1677.401575;0.353182752;1125;1.376739285;0.310909392
1677.401575;0.353182752;1130;1.432099705;0.309573624
1677.401575;0.353182752;1150;1.67433138;0.304233233
1677.401575;0.353182752;1175;2.029241226;0.297559898
1677.401575;0.353182752;1200;2.45135289;0.290882887
1677.401575;0.353182752;1225;2.952111026;0.284195608
1677.401575;0.353182752;1250;3.544761111;0.277491345
1677.401575;0.353182752;1275;4.24463066;0.270763223
1677.401575;0.353182752;1300;5.069460316;0.264004178
1677.401575;0.353182752;1325;6.039796343;0.257206932
1677.401575;0.353182752;1350;7.179459507;0.25036399
1677.401575;0.353182752;1375;8.516110121;0.243467638
1677.401575;0.353182752;1400;10.08193563;0.236509988
1677.401575;0.353182752;1425;11.91449627;0.229483063
1677.401575;0.353182752;1450;14.05777722;0.22237897
1677.401575;0.353182752;1460;15.01338358;0.219514021
1677.401575;0.353182752;1475;16.56351342;0.2151902
1677.401575;0.353182752;1500;19.49287805;0.207910155
1677.401575;0.353182752;1520;22.18983663;0.202017077
1677.401575;0.353182752;1525;22.91865801;0.200534027
1677.401575;0.353182752;1550;26.92808006;0.193060283
1677.401575;0.353182752;1575;31.62648793;0.185493144
1677.401575;0.353182752;1580;32.65966405;0.18396951
1677.401575;0.353182752;1585;33.72658661;0.18244283
1677.401575;0.353182752;1590;34.82845424;0.180913306
1677.401575;0.353182752;1595;35.96651547;0.179381175
1677.401575;0.353182752;1600;37.14207087;0.177846709
1677.401575;0.353182752;1620;42.24718928;0.171692339
1677.401575;0.353182752;1625;43.63169693;0.170151756
1677.401575;0.353182752;1650;51.28731956;0.162466617
1677.401575;0.353182752;1655;52.97804717;0.160938757
1677.401575;0.353182752;1660;54.72661107;0.159416251
1677.401575;0.353182752;1665;56.53512263;0.157900295
1677.401575;0.353182752;1670;58.40574858;0.1563922
1677.401575;0.353182752;1675;60.3407045;0.154893403
1677.401575;0.353182752;1680;62.3422461;0.153405468
1677.401575;0.353182752;1685;64.41265816;0.151930095
1677.401575;0.353182752;1690;66.55424072;0.150469118
1677.401575;0.353182752;1695;68.76929232;0.149024509
1677.401575;0.353182752;1700;71.06008993;0.147598372
1677.401575;0.353182752;1705;73.4288656;0.146192941
1677.401575;0.353182752;1710;75.87777951;0.144810568
1677.401575;0.353182752;1715;78.4088899;0.143453707
1677.401575;0.353182752;1720;81.02411986;0.142124901
1677.401575;0.353182752;1725;83.72522182;0.140826753
1677.401575;0.353182752;1730;86.5137404;0.139561901
1677.401575;0.353182752;1735;89.39097481;0.138332983
1677.401575;0.353182752;1740;92.35794203;0.137142604
1677.401575;0.353182752;1745;95.41534232;0.135993291
1677.401575;0.353182752;1750;98.56352876;0.13488746
1677.401575;0.353182752;1760;105.1317931;0.132815074
1677.401575;0.353182752;1770;112.0578492;0.130940937
1677.401575;0.353182752;1775;115.6517819;0.130081932
1677.401575;0.353182752;1780;119.3304742;0.129276357
1677.401575;0.353182752;1790;126.9325306;0.127827749
1677.401575;0.353182752;1800;134.8419243;0.126596394
1677.401575;0.353182752;1810;143.0329456;0.125578684
1677.401575;0.353182752;1825;155.7864746;0.124434566
1677.401575;0.353182752;1850;178.0546252;0.12344286
1677.401575;0.353182752;1875;201.2491111;0.123393195
1677.401575;0.353182752;1900;225.0626114;0.124057422
1677.401575;0.353182752;1925;249.280498;0.125244592
1677.401575;0.353182752;1950;273.7607793;0.126808817
1677.401575;0.353182752;1975;298.4117699;0.128643593
1677.401575;0.353182752;2000;323.174677;0.13067278
1677.401575;0.353182752;2025;348.0117035;0.132842413
1677.401575;0.353182752;2050;372.8983676;0.135114367
1677.401575;0.353182752;2075;397.8186546;0.137461767
1677.401575;0.353182752;2100;422.761974;0.139865734
1676.337278;0.380561259;950;0.393396716;0.353294696
1676.337278;0.380561259;1050;0.912107512;0.326520497
1676.337278;0.380561259;1075;1.113470632;0.319914511
1676.337278;0.380561259;1100;1.354038721;0.31333072
1676.337278;0.380561259;1125;1.640546238;0.306762875
1676.337278;0.380561259;1150;1.980762744;0.300204759
1676.337278;0.380561259;1175;2.383642356;0.29365015
1676.337278;0.380561259;1200;2.859495926;0.287092786
1676.337278;0.380561259;1225;3.420190208;0.28052633
1676.337278;0.380561259;1250;4.07937935;0.273944341
1676.337278;0.380561259;1275;4.852775437;0.267340243
1676.337278;0.380561259;1300;5.758466675;0.260707305
1676.337278;0.380561259;1325;6.817294286;0.254038619
1676.337278;0.380561259;1350;8.05330253;0.247327105
1676.337278;0.380561259;1375;9.494280888;0.240565524
1676.337278;0.380561259;1400;11.1724237;0.233746529
1676.337278;0.380561259;1425;13.12514134;0.226862766
1676.337278;0.380561259;1450;15.39606892;0.219907062
1676.337278;0.380561259;1475;18.0363355;0.212872747
1676.337278;0.380561259;1500;21.10617887;0.205754187
1676.337278;0.380561259;1525;24.67702061;0.198547679
1676.337278;0.380561259;1550;28.83414988;0.191252922
1676.337278;0.380561259;1575;33.68019219;0.183875431
1676.337278;0.380561259;1600;39.33952477;0.176430493
1676.337278;0.380561259;1625;45.96363774;0.168949553
1676.337278;0.380561259;1650;53.73685954;0.161490221
1676.337278;0.380561259;1675;62.88024904;0.154150804
1676.337278;0.380561259;1700;73.6477568;0.147087925
1676.337278;0.380561259;1725;86.30267491;0.140528383
1676.337278;0.380561259;1750;101.059826;0.13475443
1676.337278;0.380561259;1760;107.5754579;0.132728932
1676.337278;0.380561259;1775;117.9977554;0.130041682
1676.337278;0.380561259;1800;136.9906469;0.126565927
1676.337278;0.380561259;1825;157.7251407;0.124342022
1676.337278;0.380561259;1850;179.7996438;0.123240383
1676.337278;0.380561259;1875;202.8319545;0.123056543
1676.337278;0.380561259;1900;226.5174549;0.123578637
1676.337278;0.380561259;1925;250.6376747;0.124624545
1676.337278;0.380561259;1950;275.0447358;0.126052172
1676.337278;0.380561259;1975;299.6412634;0.12775604
1676.575892;0.429842574;750;0.08963112;0.400718564
1676.575892;0.429842574;800;0.146966847;0.386400372
1676.575892;0.429842574;850;0.234610115;0.372492656
1676.575892;0.429842574;900;0.365724782;0.358922691
1676.575892;0.429842574;925;0.452944635;0.352244141
1676.575892;0.429842574;950;0.558166339;0.345626651
1676.575892;0.429842574;975;0.684583523;0.339063246
1676.575892;0.429842574;1000;0.835876984;0.332547241
1676.575892;0.429842574;1025;1.016280104;0.32607219
1676.575892;0.429842574;1050;1.23065267;0.319631843
1676.575892;0.429842574;1075;1.484564305;0.313220105
1676.575892;0.429842574;1100;1.784388971;0.306830993
1676.575892;0.429842574;1125;2.137412277;0.300458606
1676.575892;0.429842574;1150;2.551953717;0.294097085
1676.575892;0.429842574;1175;3.037506385;0.287740587
1676.575892;0.429842574;1200;3.604897335;0.28138325
1676.575892;0.429842574;1225;4.266472512;0.275019164
1676.575892;0.429842574;1250;5.036311141;0.268642353
1676.575892;0.429842574;1275;5.930475793;0.262246746
1676.575892;0.429842574;1300;6.967306017;0.255826167
1676.575892;0.429842574;1325;8.16776575;0.249374328
1676.575892;0.429842574;1350;9.555857749;0.242884838
1676.575892;0.429842574;1375;11.15912247;0.236351232
1676.575892;0.429842574;1400;13.00924446;0.229767036
1676.575892;0.429842574;1405;13.41201444;0.228443562
1676.575892;0.429842574;1425;15.14279708;0.223125886
1676.575892;0.429842574;1450;17.60216694;0.216421722
1676.575892;0.429842574;1475;20.43671361;0.209649126
1676.575892;0.429842574;1500;23.70423901;0.202803847
1676.575892;0.429842574;1525;27.47286427;0.195883667
1676.575892;0.429842574;1550;31.82343639;0.188889774
1676.575892;0.429842574;1575;36.8526028;0.181828975
1676.575892;0.429842574;1600;42.67666274;0.174717201
1676.575892;0.429842574;1625;49.43614204;0.167585013
1676.575892;0.429842574;1650;57.30052121;0.160485964
1676.575892;0.429842574;1675;66.47121188;0.153508315
1676.575892;0.429842574;1700;77.17799252;0.146788755
1676.575892;0.429842574;1705;79.52494687;0.145491895
1676.575892;0.429842574;1710;81.94485499;0.144214785
1676.575892;0.429842574;1715;84.43949772;0.142959328
1676.575892;0.429842574;1720;87.01055923;0.141727492
1676.575892;0.429842574;1725;89.65960177;0.140521293
1676.575892;0.429842574;1730;92.38803919;0.139342775
1676.575892;0.429842574;1735;95.19710979;0.138193991
1676.575892;0.429842574;1740;98.08784923;0.137076981
1676.575892;0.429842574;1745;101.0610645;0.135993742
1676.575892;0.429842574;1750;104.1173095;0.134946209
1676.575892;0.429842574;1775;120.643353;0.130303724
1676.575892;0.429842574;1800;139.1590574;0.126761541
1676.575892;0.429842574;1825;159.4144485;0.124359787
1676.575892;0.429842574;1850;181.0593343;0.123012009
1676.575892;0.429842574;1875;203.73624;0.122553795
1676.575892;0.429842574;1900;227.1425356;0.122799742
1676.575892;0.429842574;1950;275.2970534;0.124760163
1676.575892;0.429842574;2000;324.4078045;0.127917749
1676.575892;0.429842574;2050;373.9627416;0.131718379
1676.575892;0.429842574;2100;423.7309218;0.135866005
1671.745126;0.602327173;600;0.069411846;0.418049246
1671.745126;0.602327173;750;0.288845661;0.375306215
1671.745126;0.602327173;775;0.357094513;0.368643961
1671.745126;0.602327173;800;0.438806255;0.362084524
1671.745126;0.602327173;825;0.536163685;0.35561897
1671.745126;0.602327173;850;0.651637408;0.349239008
1671.745126;0.602327173;875;0.788017225;0.34293691
1671.745126;0.602327173;900;0.948446671;0.33670543
1671.745126;0.602327173;925;1.136461081;0.330537744
1671.745126;0.602327173;950;1.356029615;0.324427392
1671.745126;0.602327173;975;1.611601762;0.318368229
1671.745126;0.602327173;1000;1.908158899;0.312354377
1671.745126;0.602327173;1025;2.251271634;0.306380188
1671.745126;0.602327173;1050;2.647163756;0.300440205
1671.745126;0.602327173;1075;3.10278381;0.294529134
1671.745126;0.602327173;1100;3.62588549;0.288641807
1671.745126;0.602327173;1125;4.22511833;0.282773163
1671.745126;0.602327173;1150;4.910130455;0.276918217
1671.745126;0.602327173;1175;5.69168561;0.271072044
1671.745126;0.602327173;1200;6.581797136;0.265229756
1671.745126;0.602327173;1225;7.593882278;0.259386493
1671.745126;0.602327173;1250;8.742941034;0.253537408
1671.745126;0.602327173;1275;10.04576486;0.247677668
1671.745126;0.602327173;1300;11.52118196;0.241802457
1671.745126;0.602327173;1325;13.19034788;0.235906995
1671.745126;0.602327173;1350;15.07709243;0.229986571
1671.745126;0.602327173;1375;17.20833745;0.224036611
1671.745126;0.602327173;1400;19.61460401;0.218052768
1671.745126;0.602327173;1425;22.33063361;0.21203108
1671.745126;0.602327173;1450;25.39615485;0.205968204
1671.745126;0.602327173;1475;28.85683642;0.199861768
1671.745126;0.602327173;1500;32.76547759;0.193710909
1671.745126;0.602327173;1525;37.18349794;0.187517072
1671.745126;0.602327173;1550;42.18279284;0.181285224
1671.745126;0.602327173;1575;47.84800868;0.17502565
1671.745126;0.602327173;1600;54.27923029;0.168756623
1671.745126;0.602327173;1625;61.5948974;0.162508258
1671.745126;0.602327173;1650;69.93434413;0.156327825
1671.745126;0.602327173;1675;79.45845943;0.150286372
1671.745126;0.602327173;1700;90.34537331;0.144485274
1671.745126;0.602327173;1725;102.7761379;0.139058712
1671.745126;0.602327173;1750;116.9054516;0.134165315
1671.745126;0.602327173;1775;132.819279;0.12996344
1671.745126;0.602327173;1800;150.4954992;0.126574367
1671.745126;0.602327173;1825;169.7925121;0.12405053
1671.745126;0.602327173;1850;190.4775072;0.122366648
1671.745126;0.602327173;1875;212.2791389;0.121436475
1671.745126;0.602327173;1900;234.9368244;0.121142202
1671.745126;0.602327173;1925;258.2296383;0.121361168
1671.745126;0.602327173;1950;281.9846998;0.121982373
1671.745126;0.602327173;1975;306.0731904;0.122913197
1671.745126;0.602327173;2000;330.401732;0.124079914
1671.745126;0.602327173;2025;354.903537;0.125425358
1671.745126;0.602327173;2050;379.5310484;0.126905797
1671.745126;0.602327173;2100;429.0372328;0.13014666
1670.279339;0.62696783;850;0.729789265;0.346452828
1670.279339;0.62696783;900;1.054492062;0.334033766
1670.279339;0.62696783;925;1.259112218;0.327922543
1670.279339;0.62696783;950;1.497255724;0.321868244
1670.279339;0.62696783;975;1.773524523;0.315864808
1670.279339;0.62696783;1000;2.09305553;0.309906441
1670.279339;0.62696783;1025;2.461577031;0.303987578
1670.279339;0.62696783;1050;2.885471578;0.298102846
1670.279339;0.62696783;1075;3.371846342;0.292247033
1670.279339;0.62696783;1100;3.928612151;0.286415058
1670.279339;0.62696783;1125;4.564572634;0.280601947
1670.279339;0.62696783;1150;5.289525267;0.274802808
1670.279339;0.62696783;1175;6.114376466;0.269012813
1670.279339;0.62696783;1200;7.05127343;0.263227177
1670.279339;0.62696783;1225;8.113756054;0.257441152
1670.279339;0.62696783;1250;9.3169331;0.251650011
1670.279339;0.62696783;1275;10.67768788;0.245849053
1670.279339;0.62696783;1300;12.21492018;0.240033607
1670.279339;0.62696783;1325;13.9498329;0.234199056
1670.279339;0.62696783;1350;15.90627452;0.228340873
1670.279339;0.62696783;1375;18.11115141;0.222454686
1670.279339;0.62696783;1400;20.59492861;0.216536384
1670.279339;0.62696783;1425;23.39224274;0.21058227
1670.279339;0.62696783;1450;26.54265798;0.204589305
1670.279339;0.62696783;1475;30.09160452;0.198555465
1670.279339;0.62696783;1500;34.0915485;0.192480283
1670.279339;0.62696783;1525;38.60345155;0.186365646
1670.279339;0.62696783;1550;43.69858096;0.180217002
1670.279339;0.62696783;1575;49.46071488;0.174045132
1670.279339;0.62696783;1600;55.98872167;0.167868755
1670.279339;0.62696783;1625;63.39931191;0.161718256
1670.279339;0.62696783;1650;71.82934063;0.155640749
1670.279339;0.62696783;1675;81.4361678;0.149706273
1670.279339;0.62696783;1700;92.39308434;0.1440137
1670.279339;0.62696783;1725;104.8750881;0.13869253
1670.279339;0.62696783;1750;119.030618;0.133894383
1670.279339;0.62696783;1775;134.9414319;0.129769478
1670.279339;0.62696783;1800;152.5858645;0.126432461
1670.279339;0.62696783;1825;171.8282903;0.123933219
1670.279339;0.62696783;1850;192.4453623;0.122248656
1670.279339;0.62696783;1875;214.1752291;0.121297886
1670.279339;0.62696783;1900;236.7643325;0.1209693
1670.279339;0.62696783;1925;259.9956814;0.121145607
1670.279339;0.62696783;1950;283.6978622;0.121719726
1670.279339;0.62696783;1975;307.7420041;0.122601585
1670.279339;0.62696783;2000;332.0339238;0.123718977
1665.358497;0.851471595;400;0.028165021;0.453585931
1665.358497;0.851471595;450;0.052040093;0.435961736
1665.358497;0.851471595;500;0.09053351;0.419651264
1665.358497;0.851471595;550;0.149967556;0.404394327
1665.358497;0.851471595;600;0.238527664;0.38999659
1665.358497;0.851471595;650;0.366625226;0.376308393
1665.358497;0.851471595;700;0.547312842;0.363211408
1665.358497;0.851471595;750;0.796761818;0.350609872
1665.358497;0.851471595;800;1.134814532;0.33842463
1665.358497;0.851471595;850;1.585628092;0.32658895
1665.358497;0.851471595;900;2.178430889;0.315045505
1665.358497;0.851471595;950;2.948420916;0.303744138
1665.358497;0.851471595;975;3.412753886;0.2981701
1665.358497;0.851471595;1000;3.937844943;0.292640184
1665.358497;0.851471595;1025;4.530291618;0.287149452
1665.358497;0.851471595;1035;4.787724623;0.284963062
1665.358497;0.851471595;1050;5.197312404;0.281693162
1665.358497;0.851471595;1075;5.946806242;0.276266744
1665.358497;0.851471595;1100;6.787419463;0.270865776
1665.358497;0.851471595;1125;7.728621508;0.265485966
1665.358497;0.851471595;1150;8.780790992;0.260123134
1665.358497;0.851471595;1175;9.955314054;0.254773204
1665.358497;0.851471595;1200;11.26469738;0.249432189
1665.358497;0.851471595;1225;12.72269882;0.244096196
1665.358497;0.851471595;1250;14.34447934;0.238761418
1665.358497;0.851471595;1275;16.1467807;0.233424154
1665.358497;0.851471595;1300;18.14813481;0.228080825
1665.358497;0.851471595;1325;20.36911178;0.222728008
1665.358497;0.851471595;1350;22.83261584;0.217362494
1665.358497;0.851471595;1375;25.56424063;0.211981364
1665.358497;0.851471595;1400;28.59269815;0.206582104
1665.358497;0.851471595;1425;31.95033968;0.201162781
1665.358497;0.851471595;1450;35.67379062;0.195722275
1665.358497;0.851471595;1475;39.8047263;0.190260627
1665.358497;0.851471595;1500;44.39081869;0.184779524
1665.358497;0.851471595;1525;49.48688488;0.179282993
1665.358497;0.851471595;1550;55.15625944;0.173778378
1665.358497;0.851471595;1565;58.86315188;0.170476485
1665.358497;0.851471595;1575;61.47238398;0.168277705
1665.358497;0.851471595;1600;68.52053661;0.162799565
1665.358497;0.851471595;1625;76.39946862;0.157371604
1665.358497;0.851471595;1650;85.22240858;0.152033622
1665.358497;0.851471595;1675;95.11635027;0.146840947
1665.358497;0.851471595;1700;106.2177565;0.14186702
1665.358497;0.851471595;1725;118.6621578;0.137203137
1665.358497;0.851471595;1750;132.5657632;0.132952529
1665.358497;0.851471595;1775;148.0006863;0.129217179
1665.358497;0.851471595;1800;164.9713541;0.126079542
1665.358497;0.851471595;1825;183.4034413;0.123585769
1665.358497;0.851471595;1850;203.152683;0.121737803
1665.358497;0.851471595;1875;224.0304343;0.120497228
1665.358497;0.851471595;1900;245.8346002;0.119797714
1665.358497;0.851471595;1925;268.3747571;0.119559886
1665.358497;0.851471595;1950;291.4864908;0.119703599
1665.358497;0.851471595;2000;338.9182961;0.120852995
1665.358497;0.851471595;2250;585.2195855;0.133741496
1663.730414;0.876112252;700;0.595285604;0.361037632
1663.730414;0.876112252;750;0.862243625;0.348517036
1663.730414;0.876112252;800;1.222276531;0.336410074
1663.730414;0.876112252;850;1.700222335;0.324650575
1663.730414;0.876112252;900;2.326013964;0.313181707
1663.730414;0.876112252;925;2.705314021;0.307540495
1663.730414;0.876112252;950;3.135566485;0.301953761
1663.730414;0.876112252;975;3.622370231;0.29641613
1663.730414;0.876112252;1000;4.17184351;0.290922489
1663.730414;0.876112252;1025;4.790671044;0.285467949
1663.730414;0.876112252;1050;5.486156605;0.280047821
1663.730414;0.876112252;1075;6.266281944;0.274657585
1663.730414;0.876112252;1100;7.139773174;0.269292873
1663.730414;0.876112252;1125;8.116175882;0.263949449
1663.730414;0.876112252;1150;9.205940575;0.258623191
1663.730414;0.876112252;1175;10.42052038;0.253310083
1663.730414;0.876112252;1200;11.77248338;0.248006206
1663.730414;0.876112252;1225;13.27564255;0.242707734
1663.730414;0.876112252;1250;14.94520688;0.237410939
1663.730414;0.876112252;1275;16.79795834;0.232112204
1663.730414;0.876112252;1300;18.85246027;0.226808041
1663.730414;0.876112252;1325;21.12930448;0.221495132
1663.730414;0.876112252;1350;23.65140589;0.216170382
1663.730414;0.876112252;1375;26.44435637;0.210831001
1663.730414;0.876112252;1400;29.53685164;0.205474627
1663.730414;0.876112252;1425;32.9612093;0.20009949
1663.730414;0.876112252;1450;36.75399954;0.194704663
1663.730414;0.876112252;1475;40.95681443;0.189290404
1663.730414;0.876112252;1500;45.61720465;0.183858645
1663.730414;0.876112252;1525;50.78981198;0.178413687
1663.730414;0.876112252;1550;56.53771609;0.17296317
1663.730414;0.876112252;1575;62.93398355;0.167519427
1663.730414;0.876112252;1600;70.06333343;0.162101327
1663.730414;0.876112252;1625;78.0236767;0.156736707
1663.730414;0.876112252;1650;86.92698013;0.151465348
1663.730414;0.876112252;1675;96.89837408;0.146342152
1663.730414;0.876112252;1700;108.07168;0.141439449
1663.730414;0.876112252;1725;120.5789691;0.136846437
1663.730414;0.876112252;1750;134.5325011;0.132663163
1663.730414;0.876112252;1775;150.0008276;0.128987677
1663.730414;0.876112252;1800;166.9864385;0.125898643
1663.730414;0.876112252;1825;185.415622;0.123439642
1663.730414;0.876112252;1850;205.1472203;0.12161194
1663.730414;0.876112252;1875;225.9971553;0.120378272
1663.730414;0.876112252;1900;247.7680153;0.119674626
1663.730414;0.876112252;1950;293.3509729;0.119549708
1663.730414;0.876112252;2000;340.7230937;0.12065241
1653.280172;1.349760438;200;0.009442127;0.495651374
1653.280172;1.349760438;250;0.023365321;0.470074375
1653.280172;1.349760438;300;0.049393888;0.44826502
1653.280172;1.349760438;350;0.093575865;0.429078103
1653.280172;1.349760438;400;0.16352518;0.411820883
1653.280172;1.349760438;450;0.268593352;0.396040683
1653.280172;1.349760438;500;0.420057567;0.38142433
1653.280172;1.349760438;550;0.631329106;0.367745368
1653.280172;1.349760438;600;0.918186784;0.354834114
1653.280172;1.349760438;650;1.299041099;0.342559618
1653.280172;1.349760438;700;1.795236221;0.330818239
1653.280172;1.349760438;750;2.431398775;0.319526125
1653.280172;1.349760438;775;2.81065997;0.31402645
1653.280172;1.349760438;800;3.235844961;0.308614074
1653.280172;1.349760438;825;3.711148525;0.303282046
1653.280172;1.349760438;850;4.241060989;0.29802394
1653.280172;1.349760438;875;4.830388692;0.292833792
1653.280172;1.349760438;900;5.48427655;0.287706043
1653.280172;1.349760438;925;6.208232991;0.282635494
1653.280172;1.349760438;950;7.00815763;0.277617266
1653.280172;1.349760438;975;7.890372059;0.272646764
1653.280172;1.349760438;1000;8.861654247;0.267719647
1653.280172;1.349760438;1025;9.9292771;0.262831801
1653.280172;1.349760438;1050;11.10105185;0.257979318
1653.280172;1.349760438;1075;12.38537704;0.253158477
1653.280172;1.349760438;1100;13.79129414;0.24836573
1653.280172;1.349760438;1125;15.32855074;0.243597687
1653.280172;1.349760438;1150;17.00767294;0.238851112
1653.280172;1.349760438;1175;18.84004832;0.234122919
1653.280172;1.349760438;1200;20.83802172;0.229410171
1653.280172;1.349760438;1225;23.01500603;0.224710089
1653.280172;1.349760438;1250;25.38561112;0.220020061
1653.280172;1.349760438;1275;27.96579433;0.215337672
1653.280172;1.349760438;1300;30.77303697;0.210660727
1653.280172;1.349760438;1325;33.82655206;0.205987307
1653.280172;1.349760438;1350;37.14752966;0.201315826
1653.280172;1.349760438;1375;40.7594274;0.196645126
1653.280172;1.349760438;1400;44.68831521;0.19197459
1653.280172;1.349760438;1425;48.9632842;0.187304312
1653.280172;1.349760438;1450;53.61693091;0.182635307
1653.280172;1.349760438;1475;58.68592744;0.177969805
1653.280172;1.349760438;1500;64.21168535;0.173311634
1653.280172;1.349760438;1525;70.24111345;0.168666732
1653.280172;1.349760438;1550;76.82745289;0.164043809
1653.280172;1.349760438;1575;84.031139;0.159455199
1653.280172;1.349760438;1600;91.92057784;0.154917914
1653.280172;1.349760438;1625;100.5726166;0.150454879
1653.280172;1.349760438;1650;110.0723144;0.146096218
1653.280172;1.349760438;1675;120.5113844;0.141880301
1653.280172;1.349760438;1700;131.9844511;0.137854005
1653.280172;1.349760438;1725;144.58228;0.134071422
1653.280172;1.349760438;1750;158.3817301;0.130590337
1653.280172;1.349760438;1775;173.4335892;0.127466373
1653.280172;1.349760438;1800;189.7512261;0.124745771
1653.280172;1.349760438;1825;207.3039557;0.122458729
1653.280172;1.349760438;1850;226.0180045;0.120615373
1653.280172;1.349760438;1875;245.7851715;0.119205506
1653.280172;1.349760438;1900;266.4763606;0.118201857
1653.280172;1.349760438;1925;287.9558767;0.117565431
1653.280172;1.349760438;1950;310.0931198;0.117251278
1653.280172;1.349760438;1975;332.7701381;0.117213376
1653.280172;1.349760438;2000;355.8851706;0.117408064
1653.280172;1.349760438;2100;451.2458533;0.119802459
1653.280172;1.349760438;2200;549.1106377;0.123637078
1653.280172;1.349760438;2250;598.4977115;0.125808828
1653.280172;1.349760438;2500;847.2078532;0.137392534
1653.280172;1.349760438;3000;1346.792816;0.159685331
1652.271813;1.42642026;500;0.493003501;0.377072843
1652.271813;1.42642026;550;0.733556114;0.363574292
1652.271813;1.42642026;600;1.057062937;0.350833834
1652.271813;1.42642026;650;1.482813315;0.338722472
1652.271813;1.42642026;700;2.033000929;0.327138122
1652.271813;1.42642026;750;2.733057468;0.315998204
1652.271813;1.42642026;775;3.14821428;0.310573159
1652.271813;1.42642026;800;3.612043975;0.305234598
1652.271813;1.42642026;825;4.128822296;0.299975684
1652.271813;1.42642026;850;4.703114623;0.294790099
1652.271813;1.42642026;875;5.339795859;0.289671982
1652.271813;1.42642026;900;6.044072365;0.284615873
1652.271813;1.42642026;925;6.821506261;0.27961667
1652.271813;1.42642026;950;7.678042402;0.274669588
1652.271813;1.42642026;975;8.62003845;0.269770127
1652.271813;1.42642026;1000;9.654298491;0.264914036
1652.271813;1.42642026;1025;10.78811075;0.260097296
1652.271813;1.42642026;1050;12.02929005;0.255316092
1652.271813;1.42642026;1075;13.38622583;0.2505668
1652.271813;1.42642026;1100;14.86793658;0.245845967
1652.271813;1.42642026;1125;16.48413181;0.241150307
1652.271813;1.42642026;1150;18.24528299;0.236476688
1652.271813;1.42642026;1175;20.16270486;0.231822134
1652.271813;1.42642026;1200;22.24864923;0.227183821
1652.271813;1.42642026;1225;24.51641353;0.222559091
1652.271813;1.42642026;1250;26.98046685;0.217945462
1652.271813;1.42642026;1275;29.65659706;0.213340652
1652.271813;1.42642026;1300;32.56208305;0.208742611
1652.271813;1.42642026;1325;35.7158971;0.204149569
1652.271813;1.42642026;1350;39.13894339;0.199560102
1652.271813;1.42642026;1375;42.85433975;0.194973216
1652.271813;1.42642026;1400;46.88775079;0.19038847
1652.271813;1.42642026;1425;51.2677818;0.185806127
1652.271813;1.42642026;1450;56.02644293;0.181227371
1652.271813;1.42642026;1475;61.19969279;0.176654583
1652.271813;1.42642026;1500;66.82806717;0.17209171
1652.271813;1.42642026;1525;72.9573906;0.167544745
1652.271813;1.42642026;1550;79.63955154;0.163022353
1652.271813;1.42642026;1575;86.93328941;0.158536659
1652.271813;1.42642026;1600;94.9048828;0.154104217
1652.271813;1.42642026;1625;103.6285274;0.14974712
1652.271813;1.42642026;1650;113.1860354;0.14549414
1652.271813;1.42642026;1675;123.6652805;0.141381613
1652.271813;1.42642026;1700;135.1566256;0.137453582
1652.271813;1.42642026;1725;147.7466041;0.13376055
1652.271813;1.42642026;1750;161.508675;0.130356252
1652.271813;1.42642026;1775;176.4921017;0.127292417
1652.271813;1.42642026;1800;192.7115309;0.124612331
1652.271813;1.42642026;1825;210.1406845;0.122344872
1652.271813;1.42642026;1850;228.71276;0.12050077
1652.271813;1.42642026;1875;248.3277935;0.119072136
1652.271813;1.42642026;1900;268.8646884;0.118035108
1652.271813;1.42642026;1925;290.1943497;0.117354475
1652.271813;1.42642026;1950;312.1908325;0.11698884
1652.271813;1.42642026;1975;334.7389102;0.116895155
1652.271813;1.42642026;2000;357.7379715;0.117032023
1652.271813;1.42642026;2100;452.7566003;0.119199402
1652.271813;1.42642026;2200;550.4235451;0.122832804
1634.188493;2.346338125;100;0.010105394;0.502535097
1634.188493;2.346338125;200;0.089044616;0.438735041
1634.188493;2.346338125;300;0.327674019;0.397331882
1634.188493;2.346338125;400;0.839541582;0.365427816
1634.188493;2.346338125;500;1.761941511;0.338814236
1634.188493;2.346338125;550;2.427159657;0.326844745
1634.188493;2.346338125;600;3.25877498;0.31555466
1634.188493;2.346338125;650;4.282175134;0.304830725
1634.188493;2.346338125;700;5.525087539;0.29458345
1634.188493;2.346338125;750;7.017848495;0.28474064
1634.188493;2.346338125;800;8.793728189;0.275242991
1634.188493;2.346338125;850;10.88932511;0.266041004
1634.188493;2.346338125;900;13.34504769;0.257092784
1634.188493;2.346338125;950;16.20570682;0.248362441
1634.188493;2.346338125;975;17.80327207;0.244069107
1634.188493;2.346338125;1000;19.52125068;0.239818928
1634.188493;2.346338125;1025;21.36683956;0.235608643
1634.188493;2.346338125;1050;23.3476843;0.231435202
1634.188493;2.346338125;1075;25.47192228;0.227295755
1634.188493;2.346338125;1100;27.74823136;0.223187645
1634.188493;2.346338125;1125;30.18588524;0.219108398
1634.188493;2.346338125;1150;32.79481641;0.215055727
1634.188493;2.346338125;1175;35.58568786;0.21102753
1634.188493;2.346338125;1200;38.56997517;0.207021897
1634.188493;2.346338125;1225;41.7600604;0.203037129
1634.188493;2.346338125;1250;45.16933992;0.199071747
1634.188493;2.346338125;1275;48.81234825;0.195124527
1634.188493;2.346338125;1300;52.70490047;0.191194532
1634.188493;2.346338125;1325;56.86425605;0.187281157
1634.188493;2.346338125;1350;61.30930697;0.183384193
1634.188493;2.346338125;1375;66.06079337;0.179503904
1634.188493;2.346338125;1400;71.14154946;0.175641123
1634.188493;2.346338125;1425;76.5767817;0.171797381
1634.188493;2.346338125;1450;82.39437986;0.16797506
1634.188493;2.346338125;1475;88.62525781;0.164177591
1634.188493;2.346338125;1500;95.30371586;0.160409688
1634.188493;2.346338125;1525;102.4678061;0.156677641
1634.188493;2.346338125;1550;110.1596672;0.152989654
1634.188493;2.346338125;1575;118.4257688;0.149356232
1634.188493;2.346338125;1600;127.3169701;0.145790583
1634.188493;2.346338125;1625;136.8882429;0.142308993
1634.188493;2.346338125;1650;147.1978556;0.138931071
1634.188493;2.346338125;1675;158.3057657;0.135679739
1634.188493;2.346338125;1700;170.2709907;0.132580784
1634.188493;2.346338125;1725;183.1478554;0.129661847
1634.188493;2.346338125;1750;196.9813002;0.126950788
1634.188493;2.346338125;1775;211.8018248;0.124473561
1634.188493;2.346338125;1800;227.620996;0.122251896
1634.188493;2.346338125;1825;244.428561;0.120301234
1634.188493;2.346338125;1850;262.191957;0.118629322
1634.188493;2.346338125;1875;280.8584336;0.117235741
1634.188493;2.346338125;1900;300.3593427;0.1161124
1634.188493;2.346338125;1925;320.6156679;0.115244793
1634.188493;2.346338125;1950;341.5437304;0.114613724
1634.188493;2.346338125;1975;363.0601948;0.114197139
1634.188493;2.346338125;2000;385.0858678;0.113971798
1634.188493;2.346338125;2025;407.5481581;0.113914624
1634.188493;2.346338125;2050;430.3823362;0.114003666
1634.188493;2.346338125;2100;476.9481283;0.114541536
1634.188493;2.346338125;2200;572.5443522;0.116618982
1634.188493;2.346338125;2250;621.1335078;0.11797575
1634.188493;2.346338125;2500;867.6989818;0.126028565
1634.188493;2.346338125;3000;1366.200775;0.14256547
